{
    "loss": 0.21801134943962097,
    "accuracy": 0.9901960492134094
}